,Date,Zip Code,Model Year,Fuel,Make,Light_Duty,Vehicles
0,10/1/2018,90000,2006,Gasoline,OTHER/UNK,,1.0
1,10/1/2018,,2014,Gasoline,,Yes,1.0
2,,90000,,Gasoline,OTHER/UNK,Yes,
3,10/1/2018,90000,2017,Gasoline,OTHER/UNK,Yes,1.0
4,10/1/2018,90000,<2006,Diesel and Diesel Hybrid,OTHER/UNK,No,55.0
5,10/1/2018,90000,<2006,Diesel and Diesel Hybrid,OTHER/UNK,Yes,2.0
6,10/1/2018,90000,<2006,Diesel and Diesel Hybrid,WHITE,No,19.0
7,10/1/2018,90000,<2006,Battery Electric,OTHER/UNK,No,4.0
8,10/1/2018,90000,<2006,Gasoline,Type_A,Yes,33.0
9,10/2/2018,90000,<2006,Gasoline,Type_B,Yes,11.0
10,10/3/2018,90000,<2006,Gasoline,Type_C,Yes,28.0
11,10/4/2018,90000,<2006,Gasoline,Type_D,Yes,19.0
12,10/5/2018,90000,<2006,Gasoline,OTHER/UNK,No,55.0
13,10/6/2018,90000,<2006,Gasoline,OTHER/UNK,Yes,35.0
14,10/7/2018,90000,<2006,Gasoline,Type_E,Yes,59.0
15,10/8/2018,90000,<2006,Other,OTHER/UNK,Yes,6.0
16,10/9/2018,90001,2006,Diesel and Diesel Hybrid,Type_C,No,16.0
17,10/10/2018,90001,2006,Diesel and Diesel Hybrid,OTHER/UNK,No,23.0
18,10/11/2018,90001,2006,Diesel and Diesel Hybrid,OTHER/UNK,Yes,9.0
19,10/12/2018,,2006,,,Yes,
20,10/13/2018,90001,2007,Diesel and Diesel Hybrid,OTHER/UNK,Yes,10.0
21,10/14/2018,90001,2007,Flex-Fuel,Type_A,Yes,78.0
22,10/15/2018,90001,2007,Flex-Fuel,OTHER/UNK,Yes,17.0
23,10/16/2018,90001,2007,Gasoline,Type_F,Yes,16.0
24,10/17/2018,90001,2007,Gasoline,Type_G,Yes,40.0
25,10/18/2018,90001,2007,Gasoline,Type_H,Yes,35.0
26,10/19/2018,90001,2007,Gasoline,Type_A,Yes,183.0
27,10/20/2018,90001,2007,Gasoline,Type_I,Yes,63.0
28,10/21/2018,90001,2007,Gasoline,Type_B,Yes,87.0
29,10/22/2018,90001,2007,Gasoline,Type_C,Yes,101.0
30,10/23/2018,90001,2007,Gasoline,Type_D,Yes,47.0
31,10/24/2018,90001,2007,Gasoline,Type_J,Yes,182.0
32,10/25/2018,90001,2007,Gasoline,Type_J,Yes,21.0
33,10/26/2018,90001,2007,Gasoline,Type_Y,Yes,34.0
34,10/27/2018,90001,2007,Gasoline,Type_K,Yes,30.0
35,10/28/2018,90001,2007,Gasoline,Type_L,Yes,16.0
36,10/29/2018,90001,2007,Gasoline,Type_S,Yes,39.0
37,10/30/2018,90001,2007,Gasoline,Type_GG,Yes,14.0
38,10/31/2018,90001,2007,Gasoline,Type_T,Yes,12.0
39,11/1/2018,90001,2007,Gasoline,Type_M,Yes,15.0
40,11/2/2018,90001,2007,Gasoline,Type_N,Yes,182.0
41,,90001,,Gasoline,Type_N,,
42,10/2/2018,90001,2008,Diesel and Diesel Hybrid,OTHER/UNK,No,56.0
43,10/3/2018,90001,2008,Diesel and Diesel Hybrid,OTHER/UNK,Yes,8.0
44,10/4/2018,90001,2008,Battery Electric,OTHER/UNK,Yes,1.0
45,10/5/2018,90001,2008,Flex-Fuel,Type_A,Yes,30.0
46,10/6/2018,90001,2008,Flex-Fuel,OTHER/UNK,Yes,18.0
47,10/7/2018,90001,2008,Gasoline,Type_F,Yes,13.0
48,10/8/2018,90001,2008,Gasoline,Type_G,Yes,40.0
49,10/9/2018,90001,2008,Gasoline,Type_H,Yes,25.0
50,10/10/2018,90001,2008,Gasoline,Type_A,Yes,102.0
51,10/11/2018,90001,2008,Gasoline,Type_I,Yes,35.0
52,10/12/2018,90001,2008,Gasoline,Type_B,Yes,69.0
53,10/13/2018,90001,2008,Gasoline,Type_C,Yes,76.0
54,10/14/2018,90001,2008,Gasoline,Type_D,Yes,24.0
55,10/15/2018,90001,2008,Gasoline,Type_J,Yes,160.0
56,10/16/2018,90001,2008,Gasoline,Type_J,Yes,21.0
57,10/17/2018,90001,2008,Gasoline,Type_Y,Yes,35.0
58,10/18/2018,9001,2008,,,,26.0
59,10/19/2018,90001,2009,Gasoline,OTHER/UNK,No,2.0
60,10/20/2018,90001,2009,Gasoline,OTHER/UNK,Yes,55.0
61,10/21/2018,90001,2009,Gasoline,Type_X,Yes,22.0
62,10/22/2018,90001,2009,Gasoline,Type_Q,Yes,163.0
63,10/23/2018,90001,2009,Gasoline,Type_R,Yes,11.0
64,10/24/2018,90001,2009,Hybrid Gasoline,OTHER/UNK,Yes,18.0
65,10/25/2018,90001,2009,Natural Gas,OTHER/UNK,No,2.0
66,10/26/2018,90001,2010,Diesel and Diesel Hybrid,OTHER/UNK,No,27.0
67,10/27/2018,90001,2010,Diesel and Diesel Hybrid,OTHER/UNK,Yes,2.0
68,10/28/2018,90001,2010,Flex-Fuel,Type_A,Yes,30.0
69,10/29/2018,90001,2010,Flex-Fuel,Type_C,Yes,14.0
70,10/30/2018,90001,2010,Flex-Fuel,OTHER/UNK,Yes,15.0
71,10/31/2018,90001,2010,Gasoline,Type_A,Yes,36.0
72,11/1/2018,90001,2010,Gasoline,Type_I,Yes,16.0
73,11/2/2018,90001,2010,Gasoline,Type_B,Yes,52.0
74,10/2/2018,90001,2010,Gasoline,Type_C,Yes,52.0
75,10/3/2018,90001,2010,Gasoline,Type_J,Yes,101.0
76,10/4/2018,90001,2010,Gasoline,Type_J,Yes,20.0
77,10/5/2018,90001,2010,Gasoline,Type_K,Yes,14.0
78,10/6/2018,90001,2010,Gasoline,Type_L,Yes,19.0
79,10/7/2018,90001,2010,Gasoline,Type_S,Yes,14.0
80,10/8/2018,90001,2010,Gasoline,Type_T,Yes,13.0
81,10/9/2018,90001,2010,Gasoline,Type_M,Yes,20.0
82,10/10/2018,90001,2010,Gasoline,Type_N,Yes,93.0
83,10/11/2018,90001,2010,Gasoline,OTHER/UNK,Yes,55.0
84,10/12/2018,90001,2010,Gasoline,Type_X,Yes,21.0
85,10/13/2018,90001,2010,Gasoline,Type_Q,Yes,149.0
86,10/14/2018,90001,2010,Gasoline,Type_R,Yes,14.0
87,10/15/2018,90001,2010,Hybrid Gasoline,OTHER/UNK,Yes,13.0
88,10/16/2018,90001,2010,Hybrid Gasoline,Type_Q,Yes,23.0
89,10/17/2018,90001,2011,Diesel and Diesel Hybrid,Type_MM,No,13.0
90,10/18/2018,90001,2011,Diesel and Diesel Hybrid,Type_NN,No,12.0
91,10/19/2018,90001,2011,Diesel and Diesel Hybrid,OTHER/UNK,No,22.0
92,10/20/2018,90001,2011,Diesel and Diesel Hybrid,OTHER/UNK,Yes,3.0
93,10/21/2018,90001,2011,Flex-Fuel,Type_A,Yes,49.0
94,10/22/2018,90001,2011,Flex-Fuel,Type_C,Yes,19.0
95,10/23/2018,90001,2011,Flex-Fuel,OTHER/UNK,No,4.0
96,10/24/2018,90001,2011,Flex-Fuel,OTHER/UNK,Yes,20.0
97,10/25/2018,90001,2011,Gasoline,Type_G,Yes,36.0
98,10/26/2018,90001,2011,Gasoline,Type_A,Yes,53.0
99,10/27/2018,90001,2011,Gasoline,Type_B,Yes,17.0
100,10/28/2018,90001,2011,Gasoline,Type_C,Yes,55.0
101,10/29/2018,90001,2011,Gasoline,Type_J,Yes,76.0
102,10/30/2018,90001,2011,Gasoline,Type_J,Yes,17.0
103,10/31/2018,90001,2011,Gasoline,Type_K,Yes,18.0
104,11/1/2018,90001,2011,Gasoline,Type_L,Yes,34.0
105,11/2/2018,90001,2011,Gasoline,Type_M,Yes,16.0
106,10/2/2018,90001,2011,Gasoline,Type_N,Yes,119.0
107,10/3/2018,90001,2011,Gasoline,OTHER/UNK,Yes,80.0
108,10/4/2018,90001,2011,Gasoline,Type_X,Yes,13.0
109,10/5/2018,90001,2011,Gasoline,Type_Q,Yes,192.0
110,10/6/2018,90001,2011,Gasoline,Type_R,Yes,13.0
111,10/7/2018,90001,2011,Hybrid Gasoline,OTHER/UNK,Yes,7.0
112,10/8/2018,90001,2011,Hybrid Gasoline,Type_Q,Yes,15.0
113,10/9/2018,90001,2012,Diesel and Diesel Hybrid,Type_MM,No,23.0
114,10/10/2018,90001,2012,Diesel and Diesel Hybrid,OTHER/UNK,No,32.0
115,10/11/2018,90001,2012,Diesel and Diesel Hybrid,OTHER/UNK,Yes,4.0
116,10/12/2018,90001,2012,Flex-Fuel,Type_A,Yes,17.0
117,10/13/2018,90001,2012,Flex-Fuel,OTHER/UNK,No,1.0
118,10/14/2018,90001,2012,Flex-Fuel,OTHER/UNK,Yes,34.0
119,10/15/2018,90001,2012,Gasoline,Type_G,Yes,16.0
120,10/16/2018,90001,2012,Gasoline,Type_A,Yes,62.0
121,10/17/2018,90001,2012,Gasoline,Type_I,Yes,19.0
122,10/18/2018,90001,2012,Gasoline,Type_B,Yes,23.0
123,10/19/2018,90001,2012,Gasoline,Type_C,Yes,43.0
124,10/20/2018,90001,2012,Gasoline,Type_J,Yes,158.0
125,10/21/2018,90001,2012,Gasoline,Type_J,Yes,23.0
126,10/22/2018,90001,2012,Gasoline,Type_K,Yes,25.0
127,10/23/2018,90001,2012,Gasoline,Type_L,Yes,49.0
128,10/24/2018,90001,2012,Gasoline,Type_M,Yes,14.0
129,10/25/2018,90001,2012,Gasoline,Type_N,Yes,168.0
130,10/26/2018,90001,2012,Gasoline,OTHER/UNK,No,1.0
131,10/27/2018,90001,2012,Gasoline,OTHER/UNK,Yes,72.0
132,10/28/2018,90001,2012,Gasoline,Type_X,Yes,26.0
133,10/29/2018,90001,2012,Gasoline,Type_Q,Yes,159.0
134,10/30/2018,90001,2012,Gasoline,Type_R,Yes,18.0
135,10/31/2018,90001,2012,Hybrid Gasoline,OTHER/UNK,Yes,6.0
136,11/1/2018,90001,2012,Hybrid Gasoline,Type_Q,Yes,16.0
137,11/2/2018,90001,2012,Plug-in Hybrid,OTHER/UNK,Yes,1.0
138,10/2/2018,90001,2013,Diesel and Diesel Hybrid,OTHER/UNK,No,27.0
139,10/3/2018,90001,2013,Diesel and Diesel Hybrid,OTHER/UNK,Yes,5.0
140,10/4/2018,90001,2013,Battery Electric,OTHER/UNK,Yes,1.0
141,10/5/2018,90001,2013,Flex-Fuel,Type_A,Yes,28.0
142,10/6/2018,90001,2013,Flex-Fuel,Type_C,Yes,28.0
143,10/7/2018,90001,2013,Flex-Fuel,OTHER/UNK,Yes,25.0
144,10/8/2018,90001,2013,Gasoline,Type_G,Yes,12.0
145,10/9/2018,90001,2013,Gasoline,Type_A,Yes,88.0
146,10/10/2018,90001,2013,Gasoline,Type_I,Yes,13.0
147,10/11/2018,90001,2013,Gasoline,Type_B,Yes,59.0
148,10/12/2018,90001,2013,Gasoline,Type_C,Yes,68.0
149,10/13/2018,90001,2013,Gasoline,Type_J,Yes,138.0
150,10/14/2018,90001,2013,Gasoline,Type_J,Yes,55.0
151,10/15/2018,90001,2013,Gasoline,Type_Y,Yes,15.0
152,10/16/2018,90001,2013,Gasoline,Type_K,Yes,11.0
153,10/17/2018,90001,2013,Gasoline,Type_L,Yes,75.0
154,10/18/2018,90001,2013,Gasoline,Type_M,Yes,22.0
155,10/19/2018,90001,2013,Gasoline,Type_N,Yes,195.0
156,10/20/2018,90001,2013,Gasoline,OTHER/UNK,No,1.0
157,10/21/2018,90001,2013,Gasoline,OTHER/UNK,Yes,52.0
158,10/22/2018,90001,2013,Gasoline,Type_O,Yes,12.0
159,10/23/2018,90001,2013,Gasoline,Type_X,Yes,25.0
160,10/24/2018,90001,2013,Gasoline,Type_Q,Yes,201.0
161,10/25/2018,90001,2013,Gasoline,Type_R,Yes,31.0
162,10/26/2018,90001,2013,Hybrid Gasoline,OTHER/UNK,Yes,9.0
163,10/27/2018,90001,2013,Hybrid Gasoline,Type_Q,Yes,30.0
164,10/28/2018,90001,2013,Plug-in Hybrid,OTHER/UNK,Yes,7.0
165,10/29/2018,90001,2014,Diesel and Diesel Hybrid,Type_MM,No,12.0
166,10/30/2018,90001,2014,Diesel and Diesel Hybrid,OTHER/UNK,No,13.0
167,10/31/2018,90001,2014,Diesel and Diesel Hybrid,OTHER/UNK,Yes,7.0
168,11/1/2018,90001,2014,Battery Electric,OTHER/UNK,Yes,1.0
169,11/2/2018,90001,2014,Flex-Fuel,Type_A,Yes,41.0
170,10/2/2018,90001,2014,Flex-Fuel,Type_C,Yes,15.0
171,10/3/2018,90001,2014,Flex-Fuel,OTHER/UNK,No,2.0
172,10/4/2018,90001,2014,Flex-Fuel,OTHER/UNK,Yes,16.0
173,10/5/2018,90001,2014,Gasoline,Type_G,Yes,15.0
174,10/6/2018,90001,2014,Gasoline,Type_H,Yes,11.0
175,10/7/2018,90001,2014,Gasoline,Type_A,Yes,94.0
176,10/8/2018,90001,2014,Gasoline,Type_B,Yes,48.0
177,10/9/2018,90001,2014,Gasoline,Type_C,Yes,75.0
178,10/10/2018,90001,2014,Gasoline,Type_D,Yes,22.0
179,10/11/2018,90001,2014,Gasoline,Type_J,Yes,141.0
180,10/12/2018,90001,2014,Gasoline,Type_J,Yes,14.0
181,10/13/2018,90001,2014,Gasoline,Type_K,Yes,39.0
182,10/14/2018,90001,2014,Gasoline,Type_L,Yes,74.0
183,10/15/2018,90001,2014,Gasoline,Type_S,Yes,15.0
184,10/16/2018,90001,2014,Gasoline,Type_T,Yes,14.0
185,10/17/2018,90001,2014,Gasoline,Type_M,Yes,12.0
186,10/18/2018,90001,2014,Gasoline,Type_N,Yes,269.0
187,10/19/2018,90001,2014,Gasoline,OTHER/UNK,No,3.0
188,10/20/2018,90001,2014,Gasoline,OTHER/UNK,Yes,46.0
189,10/21/2018,90001,2014,Gasoline,Type_O,Yes,14.0
190,10/22/2018,90001,2014,Gasoline,Type_X,Yes,14.0
191,10/23/2018,90001,2014,Gasoline,Type_Q,Yes,213.0
192,10/24/2018,90001,2014,Gasoline,Type_R,Yes,18.0
193,10/25/2018,90001,2014,Hybrid Gasoline,OTHER/UNK,Yes,17.0
194,10/26/2018,90001,2014,Plug-in Hybrid,OTHER/UNK,Yes,5.0
195,10/27/2018,90001,2015,Diesel and Diesel Hybrid,OTHER/UNK,No,14.0
196,10/28/2018,90001,2015,Diesel and Diesel Hybrid,OTHER/UNK,Yes,11.0
197,10/29/2018,90001,2015,Flex-Fuel,Type_A,Yes,13.0
198,10/30/2018,90001,2015,Flex-Fuel,Type_B,Yes,14.0
199,10/31/2018,90001,2015,Flex-Fuel,Type_C,Yes,16.0
200,11/1/2018,90001,2015,Flex-Fuel,OTHER/UNK,No,2.0
201,11/2/2018,90001,2015,Flex-Fuel,OTHER/UNK,Yes,16.0
202,12/2/2018,90001,2015,Gasoline,Type_G,Yes,19.0
203,12/3/2018,90001,2015,Gasoline,Type_A,Yes,141.0
204,12/4/2018,90001,2015,Gasoline,Type_I,Yes,26.0
205,12/5/2018,90001,2015,Gasoline,Type_B,Yes,65.0
206,12/6/2018,90001,2015,Gasoline,Type_C,Yes,50.0
207,12/7/2018,90001,2015,Gasoline,Type_D,Yes,14.0
208,12/8/2018,90001,2015,Gasoline,Type_J,Yes,208.0
209,12/9/2018,90001,2015,Gasoline,Type_J,Yes,34.0
210,12/10/2018,90001,2015,Gasoline,Type_Y,Yes,19.0
211,12/11/2018,90001,2015,Gasoline,Type_K,Yes,51.0
212,12/12/2018,90001,2015,Gasoline,Type_L,Yes,161.0
213,12/13/2018,90001,2015,Gasoline,Type_M,Yes,14.0
214,12/14/2018,90001,2015,Gasoline,Type_N,Yes,327.0
215,12/15/2018,90001,2015,Gasoline,OTHER/UNK,No,2.0
216,12/16/2018,90001,2015,Gasoline,OTHER/UNK,Yes,57.0
217,12/17/2018,90001,2015,Gasoline,Type_O,Yes,15.0
218,12/18/2018,90001,2015,Gasoline,Type_X,Yes,16.0
219,12/19/2018,90001,2015,Gasoline,Type_Q,Yes,257.0
220,12/20/2018,90001,2015,Gasoline,Type_R,Yes,17.0
221,12/21/2018,90001,2015,Hybrid Gasoline,Type_L,Yes,14.0
222,12/22/2018,90001,2015,Hybrid Gasoline,OTHER/UNK,Yes,7.0
223,12/23/2018,90001,2015,Hybrid Gasoline,Type_Q,Yes,30.0
224,12/24/2018,90001,2015,Plug-in Hybrid,OTHER/UNK,Yes,5.0
225,12/25/2018,90001,2016,Diesel and Diesel Hybrid,OTHER/UNK,No,16.0
226,12/26/2018,90001,2016,Diesel and Diesel Hybrid,OTHER/UNK,Yes,18.0
227,12/27/2018,90001,2016,Battery Electric,OTHER/UNK,Yes,1.0
228,12/28/2018,90001,2016,Flex-Fuel,Type_A,Yes,25.0
229,12/29/2018,90001,2016,Flex-Fuel,Type_B,Yes,13.0
230,12/30/2018,90001,2016,Flex-Fuel,Type_C,Yes,14.0
231,12/31/2018,90001,2016,Flex-Fuel,OTHER/UNK,Yes,16.0
232,1/1/2019,90001,2016,Gasoline,Type_G,Yes,18.0
233,1/2/2019,90001,2016,Gasoline,Type_A,Yes,117.0
234,1/3/2019,90001,2016,Gasoline,Type_I,Yes,17.0
235,1/4/2019,90001,2016,Gasoline,Type_B,Yes,48.0
236,1/5/2019,90001,2016,Gasoline,Type_C,Yes,67.0
237,1/6/2019,90001,2016,Gasoline,Type_J,Yes,273.0
238,1/7/2019,90001,2016,Gasoline,Type_J,Yes,36.0
239,1/8/2019,90001,2016,Gasoline,Type_K,Yes,47.0
240,1/9/2019,90001,2016,Gasoline,Type_L,Yes,236.0
241,1/10/2019,90001,2016,Gasoline,Type_S,Yes,19.0
242,1/11/2019,90001,2016,Gasoline,Type_T,Yes,17.0
243,1/12/2019,90001,2016,Gasoline,Type_N,Yes,279.0
244,1/13/2019,90001,2016,Gasoline,OTHER/UNK,No,3.0
245,1/14/2019,90001,2016,Gasoline,OTHER/UNK,Yes,82.0
246,1/15/2019,90001,2016,Gasoline,Type_O,Yes,13.0
247,1/16/2019,90001,2016,Gasoline,Type_X,Yes,16.0
248,1/17/2019,90001,2016,Gasoline,Type_P,Yes,11.0
249,1/18/2019,90001,2016,Gasoline,Type_Q,Yes,228.0
250,1/19/2019,90001,2016,Hybrid Gasoline,Type_L,Yes,13.0
251,1/20/2019,90001,2016,Hybrid Gasoline,OTHER/UNK,Yes,5.0
252,1/21/2019,90001,2016,Hybrid Gasoline,Type_Q,Yes,13.0
253,1/22/2019,90001,2016,Plug-in Hybrid,OTHER/UNK,Yes,4.0
254,1/23/2019,90001,2017,Diesel and Diesel Hybrid,OTHER/UNK,No,12.0
255,1/24/2019,90001,2017,Diesel and Diesel Hybrid,OTHER/UNK,Yes,12.0
256,1/25/2019,90001,2017,Battery Electric,OTHER/UNK,Yes,4.0
257,1/26/2019,90001,2017,Flex-Fuel,Type_A,Yes,29.0
258,1/27/2019,90001,2017,Flex-Fuel,OTHER/UNK,Yes,28.0
259,1/28/2019,90001,2017,Gasoline,Type_G,Yes,12.0
260,1/29/2019,90001,2017,Gasoline,Type_A,Yes,132.0
261,1/30/2019,90001,2017,Gasoline,Type_B,Yes,42.0
262,1/31/2019,90001,2017,Gasoline,Type_C,Yes,111.0
263,2/1/2019,90001,2017,Gasoline,Type_D,Yes,13.0
264,2/2/2019,90001,2017,Gasoline,Type_J,Yes,260.0
265,2/3/2019,90001,2017,Gasoline,Type_J,Yes,47.0
266,2/4/2019,90001,2017,Gasoline,Type_K,Yes,44.0
267,2/5/2019,90001,2017,Gasoline,Type_L,Yes,124.0
268,2/6/2019,90001,2017,Gasoline,Type_S,Yes,11.0
269,2/7/2019,90001,2017,Gasoline,Type_T,Yes,11.0
270,2/8/2019,90001,2017,Gasoline,Type_M,Yes,15.0
271,2/9/2019,90001,2017,Gasoline,Type_N,Yes,262.0
272,2/10/2019,90001,2017,Gasoline,OTHER/UNK,No,4.0
273,2/11/2019,90001,2017,Gasoline,OTHER/UNK,Yes,46.0
274,2/12/2019,90001,2017,Gasoline,Type_O,Yes,29.0
275,2/13/2019,90001,2017,Gasoline,Type_P,Yes,11.0
276,2/14/2019,90001,2017,Gasoline,Type_Q,Yes,290.0
277,2/15/2019,90001,2017,Gasoline,Type_R,Yes,19.0
278,2/16/2019,90001,2017,Hybrid Gasoline,Type_L,Yes,14.0
279,2/17/2019,90001,2017,Hybrid Gasoline,OTHER/UNK,Yes,11.0
280,2/18/2019,90001,2017,Hybrid Gasoline,Type_Q,Yes,16.0
281,2/19/2019,90001,2017,Plug-in Hybrid,OTHER/UNK,Yes,14.0
282,2/20/2019,90001,2018,Diesel and Diesel Hybrid,OTHER/UNK,No,5.0
283,2/21/2019,90001,2018,Diesel and Diesel Hybrid,OTHER/UNK,Yes,7.0
284,2/22/2019,90001,2018,Battery Electric,OTHER/UNK,Yes,1.0
285,2/23/2019,90001,2018,Flex-Fuel,Type_C,Yes,13.0
286,2/24/2019,90001,2018,Flex-Fuel,OTHER/UNK,No,1.0
287,2/25/2019,90001,2018,Flex-Fuel,OTHER/UNK,Yes,15.0
288,2/26/2019,90001,2018,Gasoline,Type_G,Yes,28.0
289,2/27/2019,90001,2018,Gasoline,Type_A,Yes,117.0
290,2/28/2019,90001,2018,Gasoline,Type_B,Yes,53.0
291,3/1/2019,90001,2018,Gasoline,Type_C,Yes,32.0
292,3/2/2019,90001,2018,Gasoline,Type_J,Yes,209.0
293,3/3/2019,90001,2018,Gasoline,Type_J,Yes,25.0
294,3/4/2019,90001,2018,Gasoline,Type_K,Yes,41.0
295,3/5/2019,90001,2018,Gasoline,Type_L,Yes,115.0
296,3/6/2019,90001,2018,Gasoline,Type_T,Yes,12.0
297,3/7/2019,90001,2018,Gasoline,Type_II,Yes,15.0
298,3/8/2019,90001,2018,Gasoline,Type_N,Yes,155.0
299,12/2/2018,90001,2018,Gasoline,OTHER/UNK,No,1.0
300,12/3/2018,90001,2018,Gasoline,OTHER/UNK,Yes,71.0
301,12/4/2018,90001,2018,Gasoline,Type_P,Yes,13.0
302,12/5/2018,90001,2018,Gasoline,Type_Q,Yes,241.0
303,12/6/2018,90001,2018,Hybrid Gasoline,OTHER/UNK,Yes,19.0
304,12/7/2018,90001,2018,Plug-in Hybrid,OTHER/UNK,Yes,8.0
305,12/8/2018,90001,2019,Gasoline,Type_G,Yes,56.0
306,12/9/2018,90001,2019,Gasoline,Type_L,Yes,14.0
307,12/10/2018,90001,2019,Gasoline,Type_II,Yes,69.0
308,12/11/2018,90001,2019,Gasoline,OTHER/UNK,Yes,19.0
309,12/12/2018,90001,2019,Plug-in Hybrid,OTHER/UNK,Yes,2.0
310,12/13/2018,90001,<2006,Diesel and Diesel Hybrid,Type_A,No,19.0
311,12/14/2018,90001,<2006,Diesel and Diesel Hybrid,Type_A,Yes,13.0
312,12/15/2018,90001,<2006,Diesel and Diesel Hybrid,Type_C,No,37.0
313,12/16/2018,90001,<2006,Diesel and Diesel Hybrid,Type_C,Yes,46.0
314,12/17/2018,90001,<2006,Diesel and Diesel Hybrid,Type_MM,No,41.0
315,12/18/2018,90001,<2006,Diesel and Diesel Hybrid,Type_D,No,17.0
316,12/19/2018,90001,<2006,Diesel and Diesel Hybrid,Type_NN,No,56.0
317,12/20/2018,90001,<2006,Diesel and Diesel Hybrid,Type_DD,No,29.0
318,12/21/2018,90001,<2006,Diesel and Diesel Hybrid,OTHER/UNK,No,55.0
319,12/22/2018,90001,<2006,Diesel and Diesel Hybrid,OTHER/UNK,Yes,33.0
320,12/23/2018,90001,<2006,Diesel and Diesel Hybrid,Type_OO,No,11.0
321,12/24/2018,90001,<2006,Flex-Fuel,Type_A,Yes,102.0
322,12/25/2018,90001,<2006,Flex-Fuel,Type_I,Yes,28.0
323,12/26/2018,90001,<2006,Flex-Fuel,Type_B,Yes,98.0
324,12/27/2018,90001,<2006,Flex-Fuel,Type_C,Yes,173.0
325,12/28/2018,90001,<2006,Flex-Fuel,Type_D,Yes,28.0
326,12/29/2018,90001,<2006,Flex-Fuel,Type_HH,Yes,13.0
327,12/30/2018,90001,<2006,Flex-Fuel,OTHER/UNK,No,1.0
328,12/31/2018,90001,<2006,Flex-Fuel,OTHER/UNK,Yes,13.0
329,1/1/2019,90001,<2006,Gasoline,Type_F,Yes,241.0
330,1/2/2019,90001,<2006,Gasoline,Type_Z,Yes,35.0
331,1/3/2019,90001,<2006,Gasoline,Type_G,Yes,210.0
332,1/4/2019,90001,<2006,Gasoline,Type_AA,Yes,108.0
333,1/5/2019,90001,<2006,Gasoline,Type_H,Yes,208.0
334,1/6/2019,90001,<2006,Gasoline,Type_A,No,52.0
335,1/7/2019,90001,<2006,Gasoline,Type_A,Yes,2529.0
336,1/8/2019,90001,<2006,Gasoline,Type_I,Yes,172.0
337,1/9/2019,90001,<2006,Gasoline,Type_B,Yes,560.0
338,1/10/2019,90001,<2006,Gasoline,Type_C,No,56.0
339,1/11/2019,90001,<2006,Gasoline,Type_C,Yes,2331.0
340,1/12/2019,90001,<2006,Gasoline,Type_BB,Yes,17.0
341,1/13/2019,90001,<2006,Gasoline,Type_D,No,36.0
342,1/14/2019,90001,<2006,Gasoline,Type_D,Yes,703.0
343,1/15/2019,90001,<2006,Gasoline,Type_J,Yes,2042.0
344,1/16/2019,90001,<2006,Gasoline,Type_CC,Yes,19.0
345,1/17/2019,90001,<2006,Gasoline,Type_J,Yes,88.0
346,1/18/2019,90001,<2006,Gasoline,Type_Y,Yes,197.0
347,1/19/2019,90001,<2006,Gasoline,Type_DD,No,17.0
348,1/20/2019,90001,<2006,Gasoline,Type_DD,Yes,43.0
349,1/21/2019,90001,<2006,Gasoline,Type_EE,Yes,26.0
350,1/22/2019,90001,<2006,Gasoline,Type_K,Yes,311.0
351,1/23/2019,90001,<2006,Gasoline,Type_L,Yes,100.0
352,1/24/2019,90001,<2006,Gasoline,Type_FF,Yes,11.0
353,1/25/2019,90001,<2006,Gasoline,Type_S,Yes,209.0
354,1/26/2019,90001,<2006,Gasoline,Type_GG,Yes,144.0
355,1/27/2019,90001,<2006,Gasoline,Type_T,Yes,133.0
356,1/28/2019,90001,<2006,Gasoline,Type_M,Yes,147.0
357,1/29/2019,90001,<2006,Gasoline,Type_HH,Yes,89.0
358,1/30/2019,90001,<2006,Gasoline,Type_II,Yes,22.0
359,1/31/2019,90001,<2006,Gasoline,Type_U,Yes,163.0
360,2/1/2019,90001,<2006,Gasoline,Type_N,Yes,1509.0
361,2/2/2019,90001,<2006,Gasoline,Type_JJ,Yes,53.0
362,2/3/2019,90001,<2006,Gasoline,OTHER/UNK,No,40.0
363,2/4/2019,90001,<2006,Gasoline,OTHER/UNK,Yes,121.0
364,2/5/2019,90001,<2006,Gasoline,Type_E,Yes,37.0
365,2/6/2019,90001,<2006,Gasoline,Type_V,Yes,99.0
366,2/7/2019,90001,<2006,Gasoline,Type_W,Yes,68.0
367,2/8/2019,90001,<2006,Gasoline,Type_X,Yes,59.0
368,2/9/2019,90001,<2006,Gasoline,Type_P,Yes,25.0
369,2/10/2019,90001,<2006,Gasoline,Type_KK,Yes,34.0
370,2/11/2019,90001,<2006,Gasoline,Type_Q,Yes,3178.0
371,2/12/2019,90001,<2006,Gasoline,Type_R,Yes,176.0
372,2/13/2019,90001,<2006,Gasoline,Type_LL,Yes,41.0
373,2/14/2019,90001,<2006,Hybrid Gasoline,Type_J,Yes,22.0
374,2/15/2019,90001,<2006,Hybrid Gasoline,OTHER/UNK,Yes,2.0
375,2/16/2019,90001,<2006,Hybrid Gasoline,Type_Q,Yes,29.0
376,2/17/2019,90001,<2006,Natural Gas,OTHER/UNK,No,1.0
377,2/18/2019,90001,<2006,Natural Gas,OTHER/UNK,Yes,9.0
378,2/19/2019,90001,<2006,Other,OTHER/UNK,Yes,9.0
379,2/20/2019,90002,2006,Diesel and Diesel Hybrid,OTHER/UNK,No,12.0
380,2/21/2019,90002,2006,Diesel and Diesel Hybrid,OTHER/UNK,Yes,8.0
381,2/22/2019,90002,2006,Flex-Fuel,Type_A,Yes,35.0
382,2/23/2019,90002,2006,Flex-Fuel,OTHER/UNK,Yes,25.0
383,2/24/2019,90002,2006,Gasoline,Type_F,Yes,31.0
384,2/25/2019,90002,2006,Gasoline,Type_G,Yes,38.0
385,2/26/2019,90002,2006,Gasoline,Type_H,Yes,19.0
386,2/27/2019,90002,2006,Gasoline,Type_A,Yes,138.0
387,2/28/2019,90002,2006,Gasoline,Type_I,Yes,91.0
388,3/1/2019,90002,2006,Gasoline,Type_B,Yes,96.0
389,3/2/2019,90002,2006,Gasoline,Type_C,Yes,138.0
390,3/3/2019,90002,2006,Gasoline,Type_D,Yes,25.0
391,3/4/2019,90002,2006,Gasoline,Type_J,Yes,169.0
392,3/5/2019,90002,2006,Gasoline,Type_J,Yes,17.0
393,3/6/2019,90002,2006,Gasoline,Type_Y,Yes,39.0
394,3/7/2019,90002,2006,Gasoline,Type_K,Yes,41.0
395,3/8/2019,90002,2006,Gasoline,Type_L,Yes,33.0
396,12/2/2018,90002,2006,Gasoline,Type_FF,Yes,11.0
397,12/3/2018,90002,2006,Gasoline,Type_S,Yes,28.0
398,12/4/2018,90002,2006,Gasoline,Type_M,Yes,23.0
399,12/5/2018,90002,2006,Gasoline,Type_U,Yes,13.0
400,12/6/2018,90002,2006,Gasoline,Type_N,Yes,208.0
401,12/7/2018,90002,2006,Gasoline,OTHER/UNK,No,4.0
402,12/8/2018,90002,2006,Gasoline,OTHER/UNK,Yes,82.0
403,12/9/2018,90002,2006,Gasoline,Type_V,Yes,19.0
404,12/10/2018,90002,2006,Gasoline,Type_X,Yes,68.0
405,12/11/2018,90002,2006,Gasoline,Type_Q,Yes,251.0
406,12/12/2018,90002,2006,Gasoline,Type_R,Yes,20.0
407,12/13/2018,90002,2006,Hybrid Gasoline,Type_J,Yes,13.0
408,12/14/2018,90002,2006,Hybrid Gasoline,OTHER/UNK,Yes,4.0
409,12/15/2018,90002,2006,Hybrid Gasoline,Type_Q,Yes,14.0
410,12/16/2018,90002,2007,Diesel and Diesel Hybrid,OTHER/UNK,No,15.0
411,12/17/2018,90002,2007,Diesel and Diesel Hybrid,OTHER/UNK,Yes,4.0
412,12/18/2018,90002,2007,Flex-Fuel,Type_A,Yes,61.0
413,12/19/2018,90002,2007,Flex-Fuel,Type_D,Yes,13.0
414,12/20/2018,90002,2007,Flex-Fuel,OTHER/UNK,Yes,15.0
415,12/21/2018,90002,2007,Gasoline,Type_F,Yes,15.0
416,12/22/2018,90002,2007,Gasoline,Type_G,Yes,40.0
417,12/23/2018,90002,2007,Gasoline,Type_H,Yes,28.0
418,12/24/2018,90002,2007,Gasoline,Type_A,Yes,148.0
419,12/25/2018,90002,2007,Gasoline,Type_I,Yes,47.0
420,12/26/2018,90002,2007,Gasoline,Type_B,Yes,71.0
421,12/27/2018,90002,2007,Gasoline,Type_C,Yes,107.0
422,12/28/2018,90002,2007,Gasoline,Type_D,Yes,29.0
423,12/29/2018,90002,2007,Gasoline,Type_J,Yes,156.0
424,12/30/2018,90002,2007,Gasoline,Type_J,Yes,22.0
425,12/31/2018,90002,2007,Gasoline,Type_Y,Yes,33.0
426,1/1/2019,90002,2007,Gasoline,Type_K,Yes,31.0
427,1/2/2019,90002,2007,Gasoline,Type_L,Yes,22.0
428,1/3/2019,90002,2007,Gasoline,Type_S,Yes,43.0
429,1/4/2019,90002,2007,Gasoline,Type_T,Yes,19.0
430,1/5/2019,90002,2007,Gasoline,Type_M,Yes,14.0
431,1/6/2019,90002,2007,Gasoline,Type_U,Yes,14.0
432,1/7/2019,90002,2007,Gasoline,Type_N,Yes,147.0
433,1/8/2019,90002,2007,Gasoline,OTHER/UNK,No,6.0
434,1/9/2019,90002,2007,Gasoline,OTHER/UNK,Yes,36.0
435,1/10/2019,90002,2007,Gasoline,Type_V,Yes,18.0
436,1/11/2019,90002,2007,Gasoline,Type_W,Yes,21.0
437,1/12/2019,90002,2007,Gasoline,Type_X,Yes,34.0
438,1/13/2019,90002,2007,Gasoline,Type_Q,Yes,284.0
439,1/14/2019,90002,2007,Gasoline,Type_R,Yes,14.0
440,1/15/2019,90002,2007,Hybrid Gasoline,OTHER/UNK,Yes,15.0
441,1/16/2019,90002,2007,Hybrid Gasoline,Type_Q,Yes,34.0
442,1/17/2019,90002,2008,Diesel and Diesel Hybrid,Type_MM,No,16.0
443,1/18/2019,90002,2008,Diesel and Diesel Hybrid,OTHER/UNK,No,25.0
444,1/19/2019,90002,2008,Diesel and Diesel Hybrid,OTHER/UNK,Yes,4.0
445,1/20/2019,90002,2008,Flex-Fuel,Type_A,Yes,36.0
446,1/21/2019,90002,2008,Flex-Fuel,OTHER/UNK,Yes,17.0
447,1/22/2019,90002,2008,Gasoline,Type_G,Yes,38.0
448,1/23/2019,90002,2008,Gasoline,Type_H,Yes,26.0
449,1/24/2019,90002,2008,Gasoline,Type_A,Yes,97.0
450,1/25/2019,90002,2008,Gasoline,Type_I,Yes,45.0
451,1/26/2019,90002,2008,Gasoline,Type_B,Yes,64.0
452,1/27/2019,90002,2008,Gasoline,Type_C,Yes,77.0
453,1/28/2019,90002,2008,Gasoline,Type_D,Yes,16.0
454,1/29/2019,90002,2008,Gasoline,Type_J,Yes,107.0
455,1/30/2019,90002,2008,Gasoline,Type_J,Yes,12.0
456,1/31/2019,90002,2008,Gasoline,Type_Y,Yes,34.0
457,2/1/2019,90002,2008,Gasoline,Type_K,Yes,21.0
458,2/2/2019,90002,2008,Gasoline,Type_L,Yes,17.0
459,2/3/2019,90002,2008,Gasoline,Type_S,Yes,23.0
460,2/4/2019,90002,2008,Gasoline,Type_M,Yes,18.0
461,2/5/2019,90002,2008,Gasoline,Type_N,Yes,130.0
462,2/6/2019,90002,2008,Gasoline,OTHER/UNK,No,1.0
463,2/7/2019,90002,2008,Gasoline,OTHER/UNK,Yes,68.0
464,2/8/2019,90002,2008,Gasoline,Type_W,Yes,16.0
465,2/9/2019,90002,2008,Gasoline,Type_X,Yes,40.0
466,2/10/2019,90002,2008,Gasoline,Type_Q,Yes,167.0
467,2/11/2019,90002,2008,Gasoline,Type_R,Yes,14.0
468,2/12/2019,90002,2008,Hybrid Gasoline,OTHER/UNK,Yes,16.0
469,2/13/2019,90002,2008,Hybrid Gasoline,Type_Q,Yes,18.0
470,2/14/2019,90002,2009,Diesel and Diesel Hybrid,Type_MM,No,15.0
471,2/15/2019,90002,2009,Diesel and Diesel Hybrid,OTHER/UNK,No,18.0
472,2/16/2019,90002,2009,Diesel and Diesel Hybrid,OTHER/UNK,Yes,1.0
473,2/17/2019,90002,2009,Flex-Fuel,Type_A,Yes,21.0
474,2/18/2019,90002,2009,Flex-Fuel,OTHER/UNK,Yes,13.0
475,2/19/2019,90002,2009,Gasoline,Type_A,Yes,42.0
476,2/20/2019,90002,2009,Gasoline,Type_B,Yes,18.0
477,2/21/2019,90002,2009,Gasoline,Type_C,Yes,25.0
478,2/22/2019,90002,2009,Gasoline,Type_J,Yes,72.0
479,2/23/2019,90002,2009,Gasoline,Type_Y,Yes,13.0
480,2/24/2019,90002,2009,Gasoline,Type_L,Yes,30.0
481,2/25/2019,90002,2009,Gasoline,Type_N,Yes,109.0
482,2/26/2019,90002,2009,Gasoline,OTHER/UNK,Yes,112.0
483,2/27/2019,90002,2009,Gasoline,Type_X,Yes,25.0
484,2/28/2019,90002,2009,Gasoline,Type_Q,Yes,158.0
485,3/1/2019,90002,2009,Gasoline,Type_R,Yes,23.0
486,3/2/2019,90002,2009,Hybrid Gasoline,OTHER/UNK,Yes,15.0
487,3/3/2019,90002,2009,Natural Gas,OTHER/UNK,No,1.0
488,3/4/2019,90002,2010,Diesel and Diesel Hybrid,Type_MM,No,20.0
489,3/5/2019,90002,2010,Diesel and Diesel Hybrid,OTHER/UNK,No,16.0
490,3/6/2019,90002,2010,Diesel and Diesel Hybrid,OTHER/UNK,Yes,2.0
491,3/7/2019,90002,2010,Flex-Fuel,Type_A,Yes,39.0
492,3/8/2019,90002,2010,Flex-Fuel,OTHER/UNK,Yes,20.0
493,12/2/2018,90002,2010,Gasoline,Type_A,Yes,36.0
494,12/3/2018,90002,2010,Gasoline,Type_I,Yes,11.0
495,12/4/2018,90002,2010,Gasoline,Type_B,Yes,58.0
496,12/5/2018,90002,2010,Gasoline,Type_C,Yes,45.0
497,12/6/2018,90002,2010,Gasoline,Type_J,Yes,82.0
498,12/7/2018,90002,2010,Gasoline,Type_J,Yes,12.0
499,12/8/2018,90002,2010,Gasoline,Type_L,Yes,22.0
500,12/9/2018,90002,2010,Gasoline,Type_T,Yes,11.0
501,12/10/2018,90002,2010,Gasoline,Type_N,Yes,83.0
502,12/11/2018,90002,2010,Gasoline,OTHER/UNK,Yes,72.0
503,12/12/2018,90002,2010,Gasoline,Type_X,Yes,11.0
504,12/13/2018,90002,2010,Gasoline,Type_Q,Yes,133.0
505,12/14/2018,90002,2010,Gasoline,Type_R,Yes,16.0
506,12/15/2018,90002,2010,Hybrid Gasoline,OTHER/UNK,Yes,11.0
507,12/16/2018,90002,2010,Hybrid Gasoline,Type_Q,Yes,12.0
508,12/17/2018,90002,2011,Diesel and Diesel Hybrid,Type_MM,No,12.0
509,12/18/2018,90002,2011,Diesel and Diesel Hybrid,OTHER/UNK,No,10.0
510,12/19/2018,90002,2011,Diesel and Diesel Hybrid,OTHER/UNK,Yes,3.0
511,12/20/2018,90002,2011,Battery Electric,OTHER/UNK,Yes,1.0
512,12/21/2018,90002,2011,Flex-Fuel,Type_A,Yes,37.0
513,12/22/2018,90002,2011,Flex-Fuel,Type_C,Yes,18.0
514,12/23/2018,90002,2011,Flex-Fuel,OTHER/UNK,No,1.0
515,12/24/2018,90002,2011,Flex-Fuel,OTHER/UNK,Yes,17.0
516,12/25/2018,90002,2011,Gasoline,Type_G,Yes,26.0
517,12/26/2018,90002,2011,Gasoline,Type_A,Yes,53.0
518,12/27/2018,90002,2011,Gasoline,Type_B,Yes,29.0
519,12/28/2018,90002,2011,Gasoline,Type_C,Yes,35.0
520,12/29/2018,90002,2011,Gasoline,Type_J,Yes,76.0
521,12/30/2018,90002,2011,Gasoline,Type_J,Yes,29.0
522,12/31/2018,90002,2011,Gasoline,Type_Y,Yes,18.0
523,1/1/2019,90002,2011,Gasoline,Type_K,Yes,12.0
524,1/2/2019,90002,2011,Gasoline,Type_L,Yes,32.0
525,1/3/2019,90002,2011,Gasoline,Type_M,Yes,14.0
526,1/4/2019,90002,2011,Gasoline,Type_N,Yes,109.0
527,1/5/2019,90002,2011,Gasoline,OTHER/UNK,Yes,69.0
528,1/6/2019,90002,2011,Gasoline,Type_X,Yes,17.0
529,1/7/2019,90002,2011,Gasoline,Type_Q,Yes,165.0
530,1/8/2019,90002,2011,Gasoline,Type_R,Yes,16.0
531,1/9/2019,90002,2011,Hybrid Gasoline,OTHER/UNK,Yes,5.0
532,1/10/2019,90002,2011,Hybrid Gasoline,Type_Q,Yes,13.0
533,1/11/2019,90002,2011,Natural Gas,OTHER/UNK,No,1.0
534,1/12/2019,90002,2011,Plug-in Hybrid,OTHER/UNK,Yes,1.0
535,1/13/2019,90002,2012,Diesel and Diesel Hybrid,Type_MM,No,19.0
536,1/14/2019,90002,2012,Diesel and Diesel Hybrid,OTHER/UNK,No,14.0
537,1/15/2019,90002,2012,Diesel and Diesel Hybrid,OTHER/UNK,Yes,4.0
538,1/16/2019,90002,2012,Battery Electric,OTHER/UNK,Yes,1.0
539,1/17/2019,90002,2012,Flex-Fuel,Type_A,Yes,30.0
540,1/18/2019,90002,2012,Flex-Fuel,Type_B,Yes,11.0
541,1/19/2019,90002,2012,Flex-Fuel,OTHER/UNK,Yes,25.0
542,1/20/2019,90002,2012,Gasoline,Type_G,Yes,13.0
543,1/21/2019,90002,2012,Gasoline,Type_A,Yes,77.0
544,1/22/2019,90002,2012,Gasoline,Type_I,Yes,16.0
545,1/23/2019,90002,2012,Gasoline,Type_B,Yes,25.0
546,1/24/2019,90002,2012,Gasoline,Type_C,Yes,40.0
547,1/25/2019,90002,2012,Gasoline,Type_J,Yes,123.0
548,1/26/2019,90002,2012,Gasoline,Type_J,Yes,24.0
549,1/27/2019,90002,2012,Gasoline,Type_Y,Yes,13.0
550,1/28/2019,90002,2012,Gasoline,Type_K,Yes,20.0
551,1/29/2019,90002,2012,Gasoline,Type_L,Yes,50.0
552,1/30/2019,90002,2012,Gasoline,Type_M,Yes,12.0
553,1/31/2019,90002,2012,Gasoline,Type_N,Yes,173.0
554,2/1/2019,90002,2012,Gasoline,OTHER/UNK,Yes,56.0
555,2/2/2019,90002,2012,Gasoline,Type_X,Yes,21.0
556,2/3/2019,90002,2012,Gasoline,Type_Q,Yes,167.0
557,2/4/2019,90002,2012,Gasoline,Type_R,Yes,27.0
558,2/5/2019,90002,2012,Hybrid Gasoline,OTHER/UNK,Yes,10.0
559,2/6/2019,90002,2012,Hybrid Gasoline,Type_Q,Yes,12.0
560,2/7/2019,90002,2012,Plug-in Hybrid,OTHER/UNK,Yes,3.0
561,2/8/2019,90002,2013,Diesel and Diesel Hybrid,Type_MM,No,15.0
562,2/9/2019,90002,2013,Diesel and Diesel Hybrid,OTHER/UNK,No,11.0
563,2/10/2019,90002,2013,Diesel and Diesel Hybrid,OTHER/UNK,Yes,1.0
564,2/11/2019,90002,2013,Battery Electric,OTHER/UNK,Yes,3.0
565,2/12/2019,90002,2013,Flex-Fuel,Type_A,Yes,48.0
566,2/13/2019,90002,2013,Flex-Fuel,Type_C,Yes,18.0
567,2/14/2019,90002,2013,Flex-Fuel,OTHER/UNK,Yes,17.0
568,2/15/2019,90002,2013,Gasoline,Type_G,Yes,17.0
569,2/16/2019,90002,2013,Gasoline,Type_A,Yes,88.0
570,2/17/2019,90002,2013,Gasoline,Type_I,Yes,13.0
571,2/18/2019,90002,2013,Gasoline,Type_B,Yes,43.0
572,2/19/2019,90002,2013,Gasoline,Type_C,Yes,63.0
573,2/20/2019,90002,2013,Gasoline,Type_J,Yes,119.0
574,2/21/2019,90002,2013,Gasoline,Type_J,Yes,47.0
575,2/22/2019,90002,2013,Gasoline,Type_Y,Yes,20.0
576,2/23/2019,90002,2013,Gasoline,Type_L,Yes,90.0
577,2/24/2019,90002,2013,Gasoline,Type_M,Yes,12.0
578,2/25/2019,90002,2013,Gasoline,Type_N,Yes,190.0
579,2/26/2019,90002,2013,Gasoline,OTHER/UNK,Yes,72.0
580,2/27/2019,90002,2013,Gasoline,Type_X,Yes,19.0
581,2/28/2019,90002,2013,Gasoline,Type_Q,Yes,162.0
582,3/1/2019,90002,2013,Gasoline,Type_R,Yes,21.0
583,3/2/2019,90002,2013,Hybrid Gasoline,OTHER/UNK,Yes,10.0
584,3/3/2019,90002,2013,Hybrid Gasoline,Type_Q,Yes,20.0
585,3/4/2019,90002,2013,Plug-in Hybrid,OTHER/UNK,Yes,1.0
586,3/5/2019,90002,2014,Diesel and Diesel Hybrid,OTHER/UNK,No,10.0
587,3/6/2019,90002,2014,Diesel and Diesel Hybrid,OTHER/UNK,Yes,2.0
588,3/7/2019,90002,2014,Battery Electric,OTHER/UNK,Yes,1.0
589,3/8/2019,90002,2014,Flex-Fuel,Type_A,Yes,31.0
590,3/1/2019,90002,2014,Flex-Fuel,Type_C,Yes,33.0
591,12/2/2018,90002,2014,Flex-Fuel,OTHER/UNK,No,2.0
592,12/3/2018,90002,2014,Flex-Fuel,OTHER/UNK,Yes,15.0
593,12/4/2018,90002,2014,Gasoline,Type_G,Yes,16.0
594,12/5/2018,90002,2014,Gasoline,Type_A,Yes,80.0
595,12/6/2018,90002,2014,Gasoline,Type_I,Yes,11.0
596,12/7/2018,90002,2014,Gasoline,Type_B,Yes,43.0
597,12/8/2018,90002,2014,Gasoline,Type_C,Yes,55.0
598,12/9/2018,90002,2014,Gasoline,Type_J,Yes,136.0
599,12/10/2018,90002,2014,Gasoline,Type_J,Yes,20.0
600,12/11/2018,90002,2014,Gasoline,Type_K,Yes,27.0
601,12/12/2018,90002,2014,Gasoline,Type_L,Yes,82.0
602,12/13/2018,90002,2014,Gasoline,Type_S,Yes,16.0
603,12/14/2018,90002,2014,Gasoline,Type_T,Yes,18.0
604,12/15/2018,90002,2014,Gasoline,Type_M,Yes,19.0
605,12/16/2018,90002,2014,Gasoline,Type_N,Yes,228.0
606,12/17/2018,90002,2014,Gasoline,OTHER/UNK,No,1.0
607,12/18/2018,90002,2014,Gasoline,OTHER/UNK,Yes,56.0
608,12/19/2018,90002,2014,Gasoline,Type_X,Yes,13.0
609,12/20/2018,90002,2014,Gasoline,Type_Q,Yes,202.0
610,12/21/2018,90002,2014,Gasoline,Type_R,Yes,26.0
611,12/22/2018,90002,2014,Hybrid Gasoline,OTHER/UNK,Yes,13.0
612,12/23/2018,90002,2014,Hybrid Gasoline,Type_Q,Yes,17.0
613,12/24/2018,90002,2014,Plug-in Hybrid,OTHER/UNK,Yes,3.0
614,12/25/2018,90002,2015,Diesel and Diesel Hybrid,OTHER/UNK,No,5.0
615,12/26/2018,90002,2015,Diesel and Diesel Hybrid,OTHER/UNK,Yes,3.0
616,12/27/2018,90002,2015,Battery Electric,OTHER/UNK,Yes,4.0
617,12/28/2018,90002,2015,Flex-Fuel,Type_A,Yes,17.0
618,12/29/2018,90002,2015,Flex-Fuel,Type_B,Yes,11.0
619,12/30/2018,90002,2015,Flex-Fuel,Type_C,Yes,13.0
620,12/31/2018,90002,2015,Flex-Fuel,OTHER/UNK,No,2.0
621,1/1/2019,90002,2015,Flex-Fuel,OTHER/UNK,Yes,3.0
622,1/2/2019,90002,2015,Gasoline,Type_G,Yes,14.0
623,1/3/2019,90002,2015,Gasoline,Type_A,Yes,135.0
624,1/4/2019,90002,2015,Gasoline,Type_I,Yes,37.0
625,1/5/2019,90002,2015,Gasoline,Type_B,Yes,51.0
626,1/6/2019,90002,2015,Gasoline,Type_C,Yes,39.0
627,1/7/2019,90002,2015,Gasoline,Type_D,Yes,11.0
628,1/8/2019,90002,2015,Gasoline,Type_J,Yes,152.0
629,1/9/2019,90002,2015,Gasoline,Type_J,Yes,26.0
630,1/10/2019,90002,2015,Gasoline,Type_Y,Yes,15.0
631,1/11/2019,90002,2015,Gasoline,Type_K,Yes,42.0
632,1/12/2019,90002,2015,Gasoline,Type_L,Yes,168.0
633,1/13/2019,90002,2015,Gasoline,Type_S,Yes,26.0
634,1/14/2019,90002,2015,Gasoline,Type_M,Yes,14.0
635,1/15/2019,90002,2015,Gasoline,Type_U,Yes,13.0
636,1/16/2019,90002,2015,Gasoline,Type_N,Yes,318.0
637,1/17/2019,90002,2015,Gasoline,OTHER/UNK,Yes,57.0
638,1/18/2019,90002,2015,Gasoline,Type_X,Yes,13.0
639,1/19/2019,90002,2015,Gasoline,Type_Q,Yes,261.0
640,1/20/2019,90002,2015,Gasoline,Type_R,Yes,13.0
641,1/21/2019,90002,2015,Hybrid Gasoline,Type_L,Yes,14.0
642,1/22/2019,90002,2015,Hybrid Gasoline,OTHER/UNK,Yes,8.0
643,1/23/2019,90002,2015,Hybrid Gasoline,Type_Q,Yes,31.0
644,1/24/2019,90002,2015,Plug-in Hybrid,OTHER/UNK,Yes,2.0
645,1/25/2019,90002,2016,Diesel and Diesel Hybrid,OTHER/UNK,No,10.0
646,1/26/2019,90002,2016,Diesel and Diesel Hybrid,OTHER/UNK,Yes,4.0
647,1/27/2019,90002,2016,Battery Electric,OTHER/UNK,Yes,4.0
648,1/28/2019,90002,2016,Flex-Fuel,Type_A,Yes,20.0
649,1/29/2019,90002,2016,Flex-Fuel,Type_B,Yes,14.0
650,1/30/2019,90002,2016,Flex-Fuel,Type_C,Yes,22.0
651,1/31/2019,90002,2016,Flex-Fuel,OTHER/UNK,Yes,6.0
652,2/1/2019,90002,2016,Gasoline,Type_G,Yes,11.0
653,2/2/2019,90002,2016,Gasoline,Type_A,Yes,102.0
654,2/3/2019,90002,2016,Gasoline,Type_I,Yes,20.0
655,2/4/2019,90002,2016,Gasoline,Type_B,Yes,58.0
656,2/5/2019,90002,2016,Gasoline,Type_C,Yes,63.0
657,2/6/2019,90002,2016,Gasoline,Type_D,Yes,12.0
658,2/7/2019,90002,2016,Gasoline,Type_J,Yes,193.0
659,2/8/2019,90002,2016,Gasoline,Type_J,Yes,38.0
660,2/9/2019,90002,2016,Gasoline,Type_K,Yes,35.0
661,2/10/2019,90002,2016,Gasoline,Type_L,Yes,241.0
662,2/11/2019,90002,2016,Gasoline,Type_S,Yes,11.0
663,2/12/2019,90002,2016,Gasoline,Type_T,Yes,16.0
664,2/13/2019,90002,2016,Gasoline,Type_M,Yes,11.0
665,2/14/2019,90002,2016,Gasoline,Type_N,Yes,283.0
666,2/15/2019,90002,2016,Gasoline,OTHER/UNK,Yes,36.0
667,2/16/2019,90002,2016,Gasoline,Type_O,Yes,15.0
668,2/17/2019,90002,2016,Gasoline,Type_X,Yes,22.0
669,2/18/2019,90002,2016,Gasoline,Type_Q,Yes,218.0
670,2/19/2019,90002,2016,Gasoline,Type_R,Yes,21.0
671,2/20/2019,90002,2016,Hybrid Gasoline,OTHER/UNK,Yes,20.0
672,2/21/2019,90002,2016,Plug-in Hybrid,OTHER/UNK,Yes,2.0
673,2/22/2019,90002,2017,Diesel and Diesel Hybrid,OTHER/UNK,No,7.0
674,2/23/2019,90002,2017,Diesel and Diesel Hybrid,OTHER/UNK,Yes,6.0
675,2/24/2019,90002,2017,Battery Electric,OTHER/UNK,Yes,4.0
676,2/25/2019,90002,2017,Flex-Fuel,Type_A,Yes,16.0
677,2/26/2019,90002,2017,Flex-Fuel,OTHER/UNK,Yes,19.0
678,2/27/2019,90002,2017,Gasoline,Type_G,Yes,12.0
679,2/28/2019,90002,2017,Gasoline,Type_A,Yes,128.0
680,3/1/2019,90002,2017,Gasoline,Type_B,Yes,38.0
681,3/2/2019,90002,2017,Gasoline,Type_C,Yes,62.0
682,3/3/2019,90002,2017,Gasoline,Type_D,Yes,14.0
683,3/4/2019,90002,2017,Gasoline,Type_J,Yes,270.0
684,3/5/2019,90002,2017,Gasoline,Type_J,Yes,35.0
685,3/6/2019,90002,2017,Gasoline,Type_Y,Yes,11.0
686,3/7/2019,90002,2017,Gasoline,Type_K,Yes,35.0
687,3/8/2019,90002,2017,Gasoline,Type_L,Yes,146.0
688,12/2/2018,90002,2017,Gasoline,Type_S,Yes,12.0
689,12/3/2018,90002,2017,Gasoline,Type_M,Yes,11.0
690,12/4/2018,90002,2017,Gasoline,Type_N,Yes,271.0
691,12/5/2018,90002,2017,Gasoline,OTHER/UNK,No,1.0
692,12/6/2018,90002,2017,Gasoline,OTHER/UNK,Yes,32.0
693,12/7/2018,90002,2017,Gasoline,Type_O,Yes,23.0
694,12/8/2018,90002,2017,Gasoline,Type_P,Yes,13.0
695,12/9/2018,90002,2017,Gasoline,Type_Q,Yes,256.0
696,12/10/2018,90002,2017,Gasoline,Type_R,Yes,14.0
697,12/11/2018,90002,2017,Hybrid Gasoline,Type_L,Yes,13.0
698,12/12/2018,90002,2017,Hybrid Gasoline,OTHER/UNK,Yes,10.0
699,12/13/2018,90002,2017,Hybrid Gasoline,Type_Q,Yes,13.0
700,12/14/2018,90002,2017,Plug-in Hybrid,OTHER/UNK,Yes,11.0
701,12/15/2018,90002,2018,Diesel and Diesel Hybrid,OTHER/UNK,No,2.0
702,12/16/2018,90002,2018,Diesel and Diesel Hybrid,OTHER/UNK,Yes,6.0
703,12/17/2018,90002,2018,Battery Electric,OTHER/UNK,Yes,4.0
704,12/18/2018,90002,2018,Flex-Fuel,OTHER/UNK,Yes,12.0
705,12/19/2018,90002,2018,Gasoline,Type_A,Yes,104.0
706,12/20/2018,90002,2018,Gasoline,Type_B,Yes,54.0
707,12/21/2018,90002,2018,Gasoline,Type_C,Yes,33.0
708,12/22/2018,90002,2018,Gasoline,Type_J,Yes,175.0
709,12/23/2018,90002,2018,Gasoline,Type_J,Yes,27.0
710,12/24/2018,90002,2018,Gasoline,Type_K,Yes,40.0
711,12/25/2018,90002,2018,Gasoline,Type_L,Yes,141.0
712,12/26/2018,90002,2018,Gasoline,Type_S,Yes,15.0
713,12/27/2018,90002,2018,Gasoline,Type_M,Yes,12.0
714,12/28/2018,90002,2018,Gasoline,Type_N,Yes,143.0
715,12/29/2018,90002,2018,Gasoline,OTHER/UNK,Yes,72.0
716,12/30/2018,90002,2018,Gasoline,Type_Q,Yes,266.0
717,12/31/2018,90002,2018,Hybrid Gasoline,OTHER/UNK,Yes,8.0
718,1/1/2019,90002,2018,Hybrid Gasoline,Type_Q,Yes,17.0
719,1/2/2019,90002,2018,Plug-in Hybrid,OTHER/UNK,Yes,4.0
720,1/3/2019,90002,2019,Gasoline,OTHER/UNK,Yes,32.0
721,1/4/2019,90002,<2006,Diesel and Diesel Hybrid,Type_A,No,11.0
722,1/5/2019,90002,<2006,Diesel and Diesel Hybrid,Type_C,No,32.0
723,1/6/2019,90002,<2006,Diesel and Diesel Hybrid,Type_C,Yes,27.0
724,1/7/2019,90002,<2006,Diesel and Diesel Hybrid,Type_MM,No,32.0
725,1/8/2019,90002,<2006,Diesel and Diesel Hybrid,Type_D,No,18.0
726,1/9/2019,90002,<2006,Diesel and Diesel Hybrid,Type_NN,No,20.0
727,1/10/2019,90002,<2006,Diesel and Diesel Hybrid,Type_DD,No,25.0
728,1/11/2019,90002,<2006,Diesel and Diesel Hybrid,OTHER/UNK,No,51.0
729,1/12/2019,90002,<2006,Diesel and Diesel Hybrid,OTHER/UNK,Yes,41.0
730,1/13/2019,90002,<2006,Flex-Fuel,Type_A,Yes,81.0
731,1/14/2019,90002,<2006,Flex-Fuel,Type_I,Yes,25.0
732,1/15/2019,90002,<2006,Flex-Fuel,Type_B,Yes,91.0
733,1/16/2019,90002,<2006,Flex-Fuel,Type_C,Yes,123.0
734,1/17/2019,90002,<2006,Flex-Fuel,Type_D,Yes,22.0
735,1/18/2019,90002,<2006,Flex-Fuel,Type_M,Yes,12.0
736,1/19/2019,90002,<2006,Flex-Fuel,OTHER/UNK,Yes,7.0
737,1/20/2019,90002,<2006,Gasoline,Type_F,Yes,201.0
738,1/21/2019,90002,<2006,Gasoline,Type_Z,Yes,28.0
739,1/22/2019,90002,<2006,Gasoline,Type_G,Yes,195.0
740,1/23/2019,90002,<2006,Gasoline,Type_AA,Yes,114.0
741,1/24/2019,90002,<2006,Gasoline,Type_H,Yes,195.0
742,1/25/2019,90002,<2006,Gasoline,Type_A,No,29.0
743,1/26/2019,90002,<2006,Gasoline,Type_A,Yes,2186.0
744,1/27/2019,90002,<2006,Gasoline,Type_I,Yes,174.0
745,1/28/2019,90002,<2006,Gasoline,Type_B,No,12.0
746,1/29/2019,90002,<2006,Gasoline,Type_B,Yes,507.0
747,1/30/2019,90002,<2006,Gasoline,Type_C,No,60.0
748,1/31/2019,90002,<2006,Gasoline,Type_C,Yes,1864.0
749,2/1/2019,90002,<2006,Gasoline,Type_BB,Yes,17.0
750,2/2/2019,90002,<2006,Gasoline,Type_D,No,23.0
751,2/3/2019,90002,<2006,Gasoline,Type_D,Yes,571.0
752,2/4/2019,90002,<2006,Gasoline,Type_J,Yes,1793.0
753,2/5/2019,90002,<2006,Gasoline,Type_CC,Yes,21.0
754,2/6/2019,90002,<2006,Gasoline,Type_J,Yes,85.0
755,2/7/2019,90002,<2006,Gasoline,Type_Y,Yes,208.0
756,2/8/2019,90002,<2006,Gasoline,Type_DD,Yes,53.0
757,2/9/2019,90002,<2006,Gasoline,Type_EE,Yes,30.0
758,2/10/2019,90002,<2006,Gasoline,Type_K,Yes,224.0
759,2/11/2019,90002,<2006,Gasoline,Type_L,Yes,92.0
760,2/12/2019,90002,<2006,Gasoline,Type_FF,Yes,22.0
761,2/13/2019,90002,<2006,Gasoline,Type_S,Yes,197.0
762,2/14/2019,90002,<2006,Gasoline,Type_GG,Yes,163.0
763,2/15/2019,90002,<2006,Gasoline,Type_T,Yes,134.0
764,2/16/2019,90002,<2006,Gasoline,Type_M,Yes,182.0
765,2/17/2019,90002,<2006,Gasoline,Type_HH,Yes,82.0
766,2/18/2019,90002,<2006,Gasoline,Type_II,Yes,11.0
767,2/19/2019,90002,<2006,Gasoline,Type_U,Yes,162.0
768,2/20/2019,90002,<2006,Gasoline,Type_N,Yes,1240.0
769,2/21/2019,90002,<2006,Gasoline,Type_JJ,Yes,49.0
770,2/22/2019,90002,<2006,Gasoline,OTHER/UNK,No,26.0
771,2/23/2019,90002,<2006,Gasoline,OTHER/UNK,Yes,107.0
772,2/24/2019,90002,<2006,Gasoline,Type_E,Yes,22.0
773,2/25/2019,90002,<2006,Gasoline,Type_V,Yes,121.0
774,2/26/2019,90002,<2006,Gasoline,Type_W,Yes,81.0
775,2/27/2019,90002,<2006,Gasoline,Type_X,Yes,58.0
776,2/28/2019,90002,<2006,Gasoline,Type_P,Yes,24.0
777,3/1/2019,90002,<2006,Gasoline,Type_KK,Yes,17.0
778,3/2/2019,90002,<2006,Gasoline,Type_Q,Yes,2950.0
779,3/3/2019,90002,<2006,Gasoline,Type_R,Yes,171.0
780,3/4/2019,90002,<2006,Gasoline,Type_LL,Yes,47.0
781,3/5/2019,90002,<2006,Hybrid Gasoline,Type_J,Yes,15.0
782,3/6/2019,90002,<2006,Hybrid Gasoline,Type_Q,Yes,16.0
783,3/7/2019,90002,<2006,Natural Gas,OTHER/UNK,Yes,5.0
784,3/8/2019,90002,<2006,Other,OTHER/UNK,Yes,11.0
785,3/9/2019,90003,2006,Diesel and Diesel Hybrid,OTHER/UNK,No,22.0
786,3/10/2019,90003,2006,Diesel and Diesel Hybrid,OTHER/UNK,Yes,14.0
787,3/11/2019,90003,2006,Flex-Fuel,Type_A,Yes,55.0
788,3/12/2019,90003,2006,Flex-Fuel,OTHER/UNK,Yes,20.0
789,3/13/2019,90003,2006,Gasoline,Type_F,Yes,36.0
790,3/14/2019,90003,2006,Gasoline,Type_G,Yes,89.0
791,3/15/2019,90003,2006,Gasoline,Type_AA,Yes,11.0
792,3/16/2019,90003,2006,Gasoline,Type_H,Yes,18.0
793,3/17/2019,90003,2006,Gasoline,Type_A,Yes,162.0
794,3/18/2019,90003,2006,Gasoline,Type_I,Yes,112.0
795,3/19/2019,90003,2006,Gasoline,Type_B,Yes,79.0
796,3/20/2019,90003,2006,Gasoline,Type_C,Yes,186.0
797,3/21/2019,90003,2006,Gasoline,Type_D,Yes,19.0
798,3/22/2019,90003,2006,Gasoline,Type_J,Yes,209.0
799,3/23/2019,90003,2006,Gasoline,Type_J,Yes,26.0
800,3/24/2019,90003,2006,Gasoline,Type_Y,Yes,56.0
801,3/25/2019,90003,2006,Gasoline,Type_K,Yes,40.0
802,3/26/2019,90003,2006,Gasoline,Type_L,Yes,29.0
803,3/27/2019,90003,2006,Gasoline,Type_S,Yes,31.0
804,3/28/2019,90003,2006,Gasoline,Type_GG,Yes,11.0
805,3/29/2019,90003,2006,Gasoline,Type_T,Yes,20.0
806,3/30/2019,90003,2006,Gasoline,Type_M,Yes,42.0
807,3/31/2019,90003,2006,Gasoline,Type_II,Yes,11.0
808,4/1/2019,90003,2006,Gasoline,Type_U,Yes,13.0
809,4/2/2019,90003,2006,Gasoline,Type_N,Yes,277.0
810,4/3/2019,90003,2006,Gasoline,OTHER/UNK,No,2.0
811,4/4/2019,90003,2006,Gasoline,OTHER/UNK,Yes,57.0
812,4/5/2019,90003,2006,Gasoline,Type_V,Yes,24.0
813,4/6/2019,90003,2006,Gasoline,Type_X,Yes,96.0
814,4/7/2019,90003,2006,Gasoline,Type_Q,Yes,365.0
815,4/8/2019,90003,2006,Gasoline,Type_R,Yes,29.0
816,4/9/2019,90003,2006,Hybrid Gasoline,Type_J,Yes,15.0
817,4/10/2019,90003,2006,Hybrid Gasoline,OTHER/UNK,Yes,2.0
818,4/11/2019,90003,2006,Hybrid Gasoline,Type_Q,Yes,17.0
819,4/12/2019,90003,2007,Diesel and Diesel Hybrid,OTHER/UNK,No,13.0
820,4/13/2019,90003,2007,Diesel and Diesel Hybrid,OTHER/UNK,Yes,3.0
821,4/14/2019,90003,2007,Flex-Fuel,Type_A,Yes,86.0
822,4/15/2019,90003,2007,Flex-Fuel,OTHER/UNK,Yes,27.0
823,4/16/2019,90003,2007,Gasoline,Type_F,Yes,18.0
824,4/17/2019,90003,2007,Gasoline,Type_Z,Yes,11.0
825,4/18/2019,90003,2007,Gasoline,Type_G,Yes,60.0
826,4/19/2019,90003,2007,Gasoline,Type_H,Yes,32.0
827,4/20/2019,90003,2007,Gasoline,Type_A,Yes,208.0
828,4/21/2019,90003,2007,Gasoline,Type_I,Yes,86.0
829,4/22/2019,90003,2007,Gasoline,Type_B,Yes,101.0
830,4/23/2019,90003,2007,Gasoline,Type_C,Yes,136.0
831,4/24/2019,90003,2007,Gasoline,Type_D,Yes,53.0
832,4/25/2019,90003,2007,Gasoline,Type_J,Yes,241.0
833,4/26/2019,90003,2007,Gasoline,Type_J,Yes,17.0
834,4/27/2019,90003,2007,Gasoline,Type_Y,Yes,35.0
835,4/28/2019,90003,2007,Gasoline,Type_K,Yes,26.0
836,4/29/2019,90003,2007,Gasoline,Type_L,Yes,26.0
837,4/30/2019,90003,2007,Gasoline,Type_S,Yes,49.0
838,5/1/2019,90003,2007,Gasoline,Type_GG,Yes,13.0
839,5/2/2019,90003,2007,Gasoline,Type_T,Yes,32.0
840,5/3/2019,90003,2007,Gasoline,Type_M,Yes,19.0
841,5/4/2019,90003,2007,Gasoline,Type_U,Yes,12.0
842,5/5/2019,90003,2007,Gasoline,Type_N,Yes,216.0
843,5/6/2019,90003,2007,Gasoline,OTHER/UNK,No,8.0
844,5/7/2019,90003,2007,Gasoline,OTHER/UNK,Yes,37.0
845,5/8/2019,90003,2007,Gasoline,Type_V,Yes,20.0
846,5/9/2019,90003,2007,Gasoline,Type_W,Yes,25.0
847,5/10/2019,90003,2007,Gasoline,Type_X,Yes,43.0
848,5/11/2019,90003,2007,Gasoline,Type_Q,Yes,444.0
849,5/12/2019,90003,2007,Gasoline,Type_R,Yes,19.0
850,5/13/2019,90003,2007,Hybrid Gasoline,Type_J,Yes,13.0
851,5/14/2019,90003,2007,Hybrid Gasoline,OTHER/UNK,Yes,10.0
852,5/15/2019,90003,2007,Hybrid Gasoline,Type_Q,Yes,37.0
853,5/16/2019,90003,2008,Diesel and Diesel Hybrid,Type_MM,No,17.0
854,5/17/2019,90003,2008,Diesel and Diesel Hybrid,OTHER/UNK,No,22.0
855,5/18/2019,90003,2008,Diesel and Diesel Hybrid,OTHER/UNK,Yes,9.0
856,5/19/2019,90003,2008,Flex-Fuel,Type_A,Yes,45.0
857,5/20/2019,90003,2008,Flex-Fuel,Type_I,Yes,11.0
858,5/21/2019,90003,2008,Flex-Fuel,OTHER/UNK,Yes,8.0
859,5/22/2019,90003,2008,Gasoline,Type_F,Yes,11.0
860,5/23/2019,90003,2008,Gasoline,Type_Z,Yes,13.0
861,5/24/2019,90003,2008,Gasoline,Type_G,Yes,52.0
862,5/25/2019,90003,2008,Gasoline,Type_H,Yes,30.0
863,5/26/2019,90003,2008,Gasoline,Type_A,Yes,93.0
864,5/27/2019,90003,2008,Gasoline,Type_I,Yes,37.0
865,5/28/2019,90003,2008,Gasoline,Type_B,Yes,85.0
866,5/29/2019,90003,2008,Gasoline,Type_C,Yes,94.0
867,5/30/2019,90003,2008,Gasoline,Type_D,Yes,15.0
868,5/31/2019,90003,2008,Gasoline,Type_J,Yes,195.0
869,6/1/2019,90003,2008,Gasoline,Type_J,Yes,15.0
870,6/2/2019,90003,2008,Gasoline,Type_Y,Yes,45.0
871,6/3/2019,90003,2008,Gasoline,Type_K,Yes,31.0
872,6/4/2019,90003,2008,Gasoline,Type_L,Yes,24.0
873,6/5/2019,90003,2008,Gasoline,Type_S,Yes,29.0
874,6/6/2019,90003,2008,Gasoline,Type_T,Yes,20.0
875,6/7/2019,90003,2008,Gasoline,Type_M,Yes,35.0
876,6/8/2019,90003,2008,Gasoline,Type_N,Yes,179.0
877,6/9/2019,90003,2008,Gasoline,OTHER/UNK,No,1.0
878,6/10/2019,90003,2008,Gasoline,OTHER/UNK,Yes,53.0
879,6/11/2019,90003,2008,Gasoline,Type_V,Yes,12.0
880,6/12/2019,90003,2008,Gasoline,Type_W,Yes,17.0
881,6/13/2019,90003,2008,Gasoline,Type_X,Yes,60.0
882,6/14/2019,90003,2008,Gasoline,Type_Q,Yes,241.0
883,6/15/2019,90003,2008,Gasoline,Type_R,Yes,28.0
884,6/16/2019,90003,2008,Hybrid Gasoline,OTHER/UNK,Yes,22.0
885,6/17/2019,90003,2008,Hybrid Gasoline,Type_Q,Yes,33.0
886,6/18/2019,90003,2008,Natural Gas,OTHER/UNK,Yes,1.0
887,6/19/2019,90003,2009,Diesel and Diesel Hybrid,Type_MM,No,33.0
888,6/20/2019,90003,2009,Diesel and Diesel Hybrid,OTHER/UNK,No,23.0
889,6/21/2019,90003,2009,Diesel and Diesel Hybrid,OTHER/UNK,Yes,1.0
890,6/22/2019,90003,2009,Flex-Fuel,Type_A,Yes,22.0
891,6/23/2019,90003,2009,Flex-Fuel,Type_C,Yes,15.0
892,6/24/2019,90003,2009,Flex-Fuel,OTHER/UNK,No,1.0
893,6/25/2019,90003,2009,Flex-Fuel,OTHER/UNK,Yes,14.0
894,6/26/2019,90003,2009,Gasoline,Type_F,Yes,12.0
895,6/27/2019,90003,2009,Gasoline,Type_G,Yes,27.0
896,6/28/2019,90003,2009,Gasoline,Type_A,Yes,61.0
897,6/29/2019,90003,2009,Gasoline,Type_B,Yes,29.0
898,6/30/2019,90003,2009,Gasoline,Type_C,Yes,48.0
899,7/1/2019,90003,2009,Gasoline,Type_J,Yes,141.0
900,7/2/2019,90003,2009,Gasoline,Type_J,Yes,11.0
901,7/3/2019,90003,2009,Gasoline,Type_Y,Yes,20.0
902,7/4/2019,90003,2009,Gasoline,Type_L,Yes,27.0
903,3/8/2019,90003,2009,Gasoline,Type_S,Yes,13.0
904,3/9/2019,90003,2009,Gasoline,Type_T,Yes,12.0
905,3/10/2019,90003,2009,Gasoline,Type_M,Yes,18.0
906,3/11/2019,90003,2009,Gasoline,Type_N,Yes,125.0
907,3/12/2019,90003,2009,Gasoline,OTHER/UNK,Yes,65.0
908,3/13/2019,90003,2009,Gasoline,Type_X,Yes,25.0
909,3/14/2019,90003,2009,Gasoline,Type_Q,Yes,235.0
910,3/15/2019,90003,2009,Gasoline,Type_R,Yes,17.0
911,3/16/2019,90003,2009,Hybrid Gasoline,OTHER/UNK,Yes,13.0
912,3/17/2019,90003,2009,Hybrid Gasoline,Type_Q,Yes,12.0
913,3/18/2019,90003,2009,Natural Gas,OTHER/UNK,No,4.0
914,3/19/2019,90003,2009,Natural Gas,OTHER/UNK,Yes,1.0
915,3/20/2019,90003,2010,Diesel and Diesel Hybrid,Type_MM,No,14.0
916,3/21/2019,90003,2010,Diesel and Diesel Hybrid,OTHER/UNK,No,20.0
917,3/22/2019,90003,2010,Diesel and Diesel Hybrid,OTHER/UNK,Yes,2.0
918,3/23/2019,90003,2010,Flex-Fuel,Type_A,Yes,24.0
919,3/24/2019,90003,2010,Flex-Fuel,Type_C,Yes,17.0
920,3/25/2019,90003,2010,Flex-Fuel,OTHER/UNK,No,1.0
921,3/26/2019,90003,2010,Flex-Fuel,OTHER/UNK,Yes,19.0
922,3/27/2019,90003,2010,Gasoline,Type_F,Yes,15.0
923,3/28/2019,90003,2010,Gasoline,Type_G,Yes,11.0
924,3/29/2019,90003,2010,Gasoline,Type_A,Yes,64.0
925,3/30/2019,90003,2010,Gasoline,Type_I,Yes,16.0
926,3/31/2019,90003,2010,Gasoline,Type_B,Yes,59.0
927,4/1/2019,90003,2010,Gasoline,Type_C,Yes,48.0
928,4/2/2019,90003,2010,Gasoline,Type_J,Yes,124.0
929,4/3/2019,90003,2010,Gasoline,Type_J,Yes,21.0
930,4/4/2019,90003,2010,Gasoline,Type_Y,Yes,14.0
931,4/5/2019,90003,2010,Gasoline,Type_L,Yes,21.0
932,4/6/2019,90003,2010,Gasoline,Type_S,Yes,17.0
933,4/7/2019,90003,2010,Gasoline,Type_T,Yes,27.0
934,4/8/2019,90003,2010,Gasoline,Type_M,Yes,25.0
935,4/9/2019,90003,2010,Gasoline,Type_N,Yes,105.0
936,4/10/2019,90003,2010,Gasoline,OTHER/UNK,Yes,59.0
937,4/11/2019,90003,2010,Gasoline,Type_X,Yes,23.0
938,4/12/2019,90003,2010,Gasoline,Type_Q,Yes,205.0
939,4/13/2019,90003,2010,Gasoline,Type_R,Yes,12.0
940,4/14/2019,90003,2010,Hybrid Gasoline,OTHER/UNK,Yes,18.0
941,4/15/2019,90003,2010,Hybrid Gasoline,Type_Q,Yes,21.0
942,4/16/2019,90003,2010,Natural Gas,OTHER/UNK,Yes,1.0
943,4/17/2019,90003,2011,Diesel and Diesel Hybrid,Type_MM,No,11.0
944,4/18/2019,90003,2011,Diesel and Diesel Hybrid,OTHER/UNK,No,23.0
945,4/19/2019,90003,2011,Diesel and Diesel Hybrid,OTHER/UNK,Yes,2.0
946,4/20/2019,90003,2011,Flex-Fuel,Type_A,Yes,62.0
947,4/21/2019,na,2011,Flex-Fuel,Type_C,Yes,19.0
948,4/22/2019,90003,2011,Flex-Fuel,OTHER/UNK,Yes,18.0
949,4/23/2019,90003,2011,Gasoline,Type_G,--,25.0
950,4/24/2019,90003,2011,Gasoline,Type_A,Yes,48.0
951,4/25/2019,90003,2011,Gasoline,Type_B,Yes,32.0
952,4/26/2019,90003,2011,,Type_C,Yes,48.0
953,4/27/2019,90003,2011,Gasoline,Type_J,Yes,95.0
954,4/28/2019,90003,2011,Gasoline,Type_J,Yes,24.0
955,4/29/2019,90003,2011,Gasoline,Type_Y,Yes,18.0
956,4/30/2019,90003,2011,Gasoline,Type_K,Yes,12.0
957,5/1/2019,90003,2011,Gasoline,Type_L,Yes,42.0
958,5/2/2019,90003,2011,Gasoline,Type_S,Yes,14.0
959,5/3/2019,90003,2011,Gasoline,Type_M,Yes,16.0
960,5/4/2019,90003,2011,Gasoline,Type_N,Yes,147.0
961,5/5/2019,90003,2011,Gasoline,OTHER/UNK,No,1.0
962,5/6/2019,90003,2011,Gasoline,OTHER/UNK,Yes,71.0
963,5/7/2019,90003,2011,Gasoline,Type_X,Yes,18.0
964,5/8/2019,90003,2011,Gasoline,Type_Q,Yes,226.0
965,5/9/2019,90003,2011,Gasoline,Type_R,Yes,14.0
966,5/10/2019,90003,2011,Hybrid Gasoline,OTHER/UNK,Yes,9.0
967,5/11/2019,90003,2011,Hybrid Gasoline,Type_Q,Yes,18.0
968,5/12/2019,90003,2011,Plug-in Hybrid,OTHER/UNK,Yes,1.0
969,5/13/2019,90003,2012,Diesel and Diesel Hybrid,Type_MM,No,20.0
970,5/14/2019,90003,2012,Diesel and Diesel Hybrid,OTHER/UNK,No,18.0
971,5/15/2019,90003,2012,Diesel and Diesel Hybrid,OTHER/UNK,Yes,2.0
972,5/16/2019,90003,2012,Diesel and Diesel Hybrid,Type_OO,No,12.0
973,5/17/2019,90003,2012,Battery Electric,OTHER/UNK,Yes,3.0
974,5/18/2019,90003,2012,Flex-Fuel,Type_A,Yes,43.0
975,5/19/2019,90003,2012,Flex-Fuel,Type_C,Yes,14.0
976,5/20/2019,90003,2012,Flex-Fuel,OTHER/UNK,No,2.0
977,5/21/2019,90003,2012,Flex-Fuel,OTHER/UNK,Yes,25.0
978,5/22/2019,90003,2012,Gasoline,Type_G,Yes,15.0
979,5/23/2019,90003,2012,Gasoline,Type_AA,Yes,12.0
980,5/24/2019,90003,2012,Gasoline,Type_A,Yes,75.0
981,5/25/2019,90003,2012,Gasoline,Type_I,Yes,17.0
982,5/26/2019,90003,2012,Gasoline,Type_B,Yes,38.0
983,5/27/2019,90003,2012,Gasoline,Type_C,Yes,59.0
984,5/28/2019,90003,2012,Gasoline,Type_J,Yes,181.0
985,5/29/2019,90003,2012,Gasoline,Type_J,Yes,37.0
986,5/30/2019,90003,2012,Gasoline,Type_Y,Yes,13.0
987,5/31/2019,90003,2012,Gasoline,Type_K,Yes,27.0
988,6/1/2019,90003,2012,Gasoline,Type_L,Yes,70.0
989,6/2/2019,90003,2012,Gasoline,Type_M,Yes,19.0
990,6/3/2019,90003,2012,Gasoline,Type_N,Yes,208.0
991,6/4/2019,90003,2012,Gasoline,OTHER/UNK,Yes,66.0
992,6/5/2019,90003,2012,Gasoline,Type_X,Yes,31.0
993,6/6/2019,90003,2012,Gasoline,Type_Q,Yes,206.0
994,6/7/2019,90003,2012,Gasoline,Type_R,Yes,26.0
995,6/8/2019,90003,2012,Hybrid Gasoline,OTHER/UNK,Yes,4.0
996,6/9/2019,90003,2012,Hybrid Gasoline,Type_Q,Yes,25.0
997,6/10/2019,90003,2012,Natural Gas,OTHER/UNK,Yes,1.0
998,6/11/2019,90003,2012,Plug-in Hybrid,OTHER/UNK,Yes,3.0
